receipt-training,"THE AIML StORE 1234 SOMEWHERE RD POWAY, CALIFORNIA 92129 02/13/2022 12:28 AM 9838102381829381-238981 Future Diary: Playing Cards 1 $18.34 Headphones, Sound Intone 165 1 $35.39 Headphones Simple Deluxe Clamp Lamp 1 $19.08 Light SUBTOTAL $72.81 T = CA TAX 7.7500 on 78.271 $5.461 TOTAL $78.271 x4889 AMEX CHARGE $78.271 AID: A000088806-4515 AMEX CREDIT AUTH CODE: 054515 SOME PROMOTIONS MAY REDUCE THE REFUND VALUE OF ITEMS We need your feedback Take a quick survey and enter for the chance To WIN a $250 Store gift card. Go to: Myfakestore.com/win *5 winners monthly* Cashier: John Doe Store: 123 POS: 003 Transaction:2529 Sunday, February 13. 2022 12:28 AM "
receipt-training,"THE AIML StORE 1234 SOMEWHERE RD POWAY, CALIFORNIA 92129 02/13/2022 12:28 AM 9038162381829381-230981 Harley Davidson Tattoo Twin 1 $96.92 Comforter Shopkins 2016 Wall Calendar 1 $15.8 by Colored Recycled Mirror Glass 1 $18.88 Pebbles SUBTOTAL $131.60 T = CA TAX 7.7500 on 141.47 $9.87 TOTAL $141.47 x2032 MASTERCARD CHARGE $141.47 AID: A000059853-5645 MASTERCARD DEBIT AUTH CODE: 055645 SOME PROMOTIONS MAY REDUCE THE REFUND VALUE OF ITEMS We need your feedback Take a quick survey and enter for the chance To WIN a $250 Store gift card. Go to: Myfakestore.com/win *5 winners monthly* Cashier: John Doe Store: 123 POS: 003 Transaction:2529 Sunday, February 13, 2022 12:28 AM "
receipt-training,"THE AIML StORE 1234 SOMEWHERE RD POWAY, CALIFORNIA 92129 02/13/2022 12:28 AM 9038102381029381-238981 The Chork Chopsticks and Fork 1 $25.17 Bodum Milk Frother, Latteo 1 $36.69 Milk Yellow Beeswax Bees Wax ] $12.29 Organic SUBTOTAL $74.15 T = CA TAX 7.7500 on 79.711 $5.561 TOTAL $79.711 x7270 DINER CHARGE $79.711 AID: A000017978-1245 DINER CREDIT AUTH CODE: 051245 SOME PROMOTIONS MAY REDUCE THE REFUND VALUE OF ITEMS We need your feedback Take a quick survey and enter for the chance To WIN a $250 Store gift card. Go to: Myfakestore.com/win *5 winners monthly* Cashier: John Doe Store: 123 POS: 003 Transaction:2529 Sunday, February 13, 2022 12:28 AM "
receipt-training,"THE AIML StORE 1234 SOMEWHERE RD POWAY, CALIFORNIA 92129 02/13/2022 12:28 AM 9838102381829381-230981 Vortex Optics Precision 1 $161.02 Matched Rings SUBTOTAL $161.02 T = CA TAX 7.7500 on 173.097 $12.077 TOTAL $173.097 x8411 VISA CHARGE $173.097 AID: A000080402-3081 VISA CREDIT AUTH CODE: 053081 SOME PROMOTIONS MAY REDUCE THE REFUND VALUE OF ITEMS We need your feedback Take a quick survey and enter for the chance To WIN a $250 Store gift card. Go to: Myfakestore.com/win *5 winners monthly Cashier: John Doe Store: 123 POS: 003 Transaction:2529 Sunday, February 13, 2022 12:28 AM "
receipt-training,"THE AIML StORE 1234 SOMEWHERE RD POWAY, CALIFORNIA 92129 02/13/2022 12:28 AM 9038102381829381-238981 J7 Case, LK [Air Hybrid] 1 $20.88 XISE Sexy Fox Tail Vibrating 1 $25.01 BOHM Wireless Bluetooth Over 1 $130.2 Ear SUBTOTAL $176.09 T = CA TAX 7.7500 on 189.297 $13.207 TOTAL $189.297 x8413 AMEX CHARGE $189.297 AID: A000025619-3683 AMEX DEBIT AUTH CODE: 053683 SOME PROMOTIONS MAY REDUCE THE REFUND VALUE OF ITEMS We need your feedback Take a quick survey and enter for the chance To WIN a $250 Store gift card. Go to: Myfakestore.com/win *5 winners monthly* Cashier: John Doe Store: 123 POS: 003 Transaction:2529 Sunday, February 13, 2022 12:28 AM "
receipt-training,"THE AIML StORE 1234 SOMEWHERE RD POWAY, CALIFORNIA 92129 02/13/2022 12:28 AM 9038102381029381-230981 Tronsmart USB C to Micro 1 $16.51 Proraso Shaving Cream, 1 $22.37 Refreshing and LEGO Series 4 Collectible 1 $23.45 Minifigure SUBTOTAL $62.33 T = CA TAX 7.7500 on 67.005 $4.675 TOTAL $67.005 x1678 DINER CHARGE $67.005 AID: A000041025-5833 DINER DEBIT AUTH CODE: 055833 SOME PROMOTIONS MAY REDUCE THE REFUND VALUE OF ITEMS We need your feedback Take a quick survey and enter for the chance To WIN a $250 Store gift card. Go to: Myfakestore.com/win *5 winners monthly* Cashier: John Doe Store: 123 POS: 003 Transaction:2529 Sunday, February 13, 2022 12:28 AM "
receipt-training,"THE AIML StORE 1234 SOMEWHERE RD POWAY, CALIFORNIA 92129 02/13/2022 12:28 AM 9038182381829381-230981 WeMo Switch Smart Plug 1 $60.2 Princessa Aloe Lipsticks Set 1 $14.71 - Samson SR850 Semi-Open-Back 1 $60.15 Studio Reference SUBTOTAL $135.06 T = CA TAX 7.7500 on 145.19 $10.13 TOTAL $145.19 x1329 AMEX CHARGE $145.19 AID: A000086742-4061 AMEX CREDIT AUTH CODE: 054061 SOME PROMOTIONS MAY REDUCE THE REFUND VALUE OF ITEMS We need your feedback Take a quick survey and enter for the chance To WIN a $250 Store gift card. Go to: Myfakestore.com/win *5 winners monthly* Cashier: John Doe Store: 123 POS: 003 Transaction:2529 Sunday, February 13, 2022 12:28 AM "
receipt-training,"THE AIML StORE 1234 SOMEWHERE RD POWAY, CALIFORNIA 92129 02/13/2022 12:28 AM 9038182381829381-230981 DrinkMatcha - Matcha Green 1 $33.99 Tea Spigen Neo Hybrid HTC 10 1 $31.22 Tea Tree Oil Foot Soak 1 $23.84 SUBTOTAL $89.05 T = CA TAX 7.7500 on 95.729 $6.679 TOTAL $95.729 x9060 AMEX CHARGE $95.729 AID: A000089055-8832 AMEX DEBIT AUTH CODE: 058832 SOME PROMOTIONS MAY REDUCE THE REFUND VALUE OF ITEMS We need your feedback Take a quick survey and enter for the chance To WIN a $250 Store gift card. Go to: Myfakestore.com/win *5 winners monthly* Cashier: John Doe Store: 123 POS: 003 Transaction:2529 Sunday, February 13, 2022 12:28 AM "
receipt-training,"THE AIML StORE 1234 SOMEWHERE RD POWAY, CALIFORNIA 92129 02/13/2022 12:28 AM 9838102381829381-230981 iPad Mini 2 Case, iPad 1 $33.54 Honeywell HT-900 TurboForce 1 $38.51 Air Circulator Espresso Machine - For 1 $105.19 Nespresso SUBTOTAL $177.24 T = CA TAX 7.7500 on 190.533 $13.293 TOTAL $190.533 x9299 DINER CHARGE $190.533 AID: A000060935-4498 DINER CREDIT AUTH CODE: 054498 SOME PROMOTIONS MAY REDUCE THE REFUND VALUE OF ITEMS We need your feedback Take a quick survey and enter for the chance To WIN a $250 Store gift card. Go to: Myfakestore.com/win *5 winners monthly* Cashier: John Doe Store: 123 POS: 003 Transaction :2529 Sunday, February 13. 2022 12:28 AM "
receipt-training,"THE AIML StORE 1234 SOMEWHERE RD POWAY, CALIFORNIA 92129 02/13/2022 12:28 AM 9838162381829381-238981 EasyAcc Mini Portable 1 $30.44 Bluetooth 4. 1 iPhone 7/8 Case, HZ BIGTREE 1 $17.48 NatureWise Maximum Care Time- 1 $47.09 Release Probiotics SUBTOTAL $95.01 T = CA TAX 7.7500 on 102.136 $7.126 TOTAL $102.136 x5180 DINER CHARGE $102.136 AID: A000078236-5568 DINER DEBIT AUTH CODE: 055568 SOME PROMOTIONS MAY REDUCE THE REFUND VALUE OF ITEMS We need your feedback Take a quick survey and enter for the chance To WIN a $250 Store gift card. Go to: Myfakestore.com/win *5 winners monthly* Cashier: John Doe Store: 123 POS: 003 Transaction:2529 Sunday, February 13, 2022 12:28 AM "
receipt-training,"THE AIML StORE 1234 SOMEWHERE RD POWAY, CALIFORNIA 92129 02/13/2022 12:28 AM 9638102381029381-238981 ZNU CAKE Leaves Set Plunger 1 $11.67 SmartMouth Original Activated 1 $27.75 Mouthwash for Vinyl Quilted White Fabric w/ 1 $32.37 SUBTOTAL $71.79 T = CA TAX 7.7500 on 77.174 $5.384 TOTAL $77.174 x240 AMEX CHARGE $77.174 AID: A000016413-4492 AMEX CREDIT AUTH CODE: 054492 SOME PROMOTIONS MAY REDUCE THE REFUND VALUE OF ITEMS We need your feedback Take a quick survey and enter for the chance To WIN a $250 Store gift card. Go to: Myfakestore.com/win *5 winners monthly* Cashier: John Doe Store: 123 POS: 003 Transaction:2529 Sunday, February 13. 2022 12:28 AM "
receipt-training,"THE AIML StORE 1234 SOMEWHERE RD POWAY, CALIFORNIA 92129 02/13/2022 12:28 AM 9038102381829381-238981 Soriken Universal 3-IN-1 1 $29.48 Clip-On Lens 75 Cake Topper for 75th 1 $36.34 SUBTOTAL $65.82 T = CA TAX 7.7500 on 70.757 $4.937 TOTAL $70.757 x1421 AMEX CHARGE $70.757 AID: A000077744-7829 AMEX CREDIT AUTH CODE: 057829 SOME PROMOTIONS MAY REDUCE THE REFUND VALUE OF ITEMS We need your feedback Take a quick survey and enter for the chance To WIN a $250 Store gift card. Go to: Myfakestore.com/win *5 winners monthly* Cashier: John Doe Store: 123 POS: 003 Transaction:2529 Sunday, February 13, 2022 12:28 AM "
receipt-training,"THE AIML StORE 1234 SOMEWHERE RD POWAY, CALIFORNIA 92129 02/18/2022 12:28 AM 9838182381029381-230981 VR Headset Glasses Virtual 1 $29.69 Reality WD SE 6TB Datacenter Hard 1 $334.39 SUBTOTAL $364.08 T = CA TAX 7.7500 on 391.386 $27.306 TOTAL $391.386 x853 AMEX CHARGE $391.386 AID: A000074235-0055 AMEX DEBIT AUTH CODE: 050055 SOME PROMOTIONS MAY REDUCE THE REFUND VALUE OF ITEMS We need your feedback Take a quick survey and enter for the chance To WIN a $250 Store gift card. Go to: Myfakestore.com/win *5 winners monthly* Cashier: John Doe Store: 123 POS: 003 Transaction:2529 Sunday, February 13, 2022 12:28 AM "
receipt-training,"THE AIML StORE 1234 SOMEWHERE RD POWAY, CALIFORNIA 92129 02/13/2022 12:28 AM 9838102381029381-238981 DEWALT DCS387B 20-volt MAX 1 $125.04 Compact RTIC 30 oz. Tumbler 1 $34.46 EVGA 430 W1, 80+ WHITE 1 $60.34 SUBTOTAL $219.84 T = CA TAX 7.7500 on 236.328 $16.488 TOTAL $236,328 x7173 AMEX CHARGE $236.328 AID: A000055573-7367 AMEX DEBIT AUTH CODE: 057367 SOME PROMOTIONS MAY REDUCE THE REFUND VALUE OF ITEMS We need your feedback Take a quick survey and enter for the chance To WIN a $250 Store gift card. Go to: Myfakestore.com/win *5 winners monthly* Cashier: John Doe Store: 123 POS: 003 Transaction:2529 Sunday, February 13, 2022 12:28 AM "
receipt-training,"THE AIML StORE 1234 SOMEWHERE RD POWAY, CALIFORNIA 92129 02/13/2022 12:28 AM 9038182381829381-238981 Huawei Fit Smart Fitness 1 $145.64 Watch SUBTOTAL $145.64 T = CA TAX 7.7500 on 156.563 $10.923 TOTAL $156.563 x2421 VISA CHARGE $156.563 AID: A000032576-8977 VISA CREDIT AUTH CODE: 058977 SOME PROMOTIONS MAY REDUCE THE REFUND VALUE OF ITEMS We need your feedback Take a quick survey and enter for the chance To WIN a $250 Store gift card. Go to: Myfakestore.com/win *5 winners monthly* Cashier: John Doe Store: 123 POS: 003 Transact ion:2529 Sunday, February 13. 2022 12:28 AM "
receipt-training,"THE AIML StORE 1234 SOMEWHERE RD POWAY, CALIFORNIA 92129 02/13/2022 12:28 AM 9038182381029381-238981 Winsome Wood End Table/Night 1 $76.48 Stand Decorative Metal Wall Sconce 1 $54.16 - Blue Evil Eye Protection 1 $26.79 Hanging SUBTOTAL $157.43 T = CA TAX 7.7500 on 169.237 $11.807 TOTAL $169.237 x6716 MASTERCARD CHARGE $169.237 AID: A000056505-6067 MASTERCARD CREDIT AUTH CODE: 056067 SOME PROMOTIONS MAY REDUCE THE REFUND VALUE OF ITEMS We need your feedback Take a quick survey and enter for the chance To WIN a $250 Store gift card. Go to: Myfakestore.com/win *5 winners monthly* Cashier: John Doe Store: 123 POS: 003 Transaction:2529 Sunday, February 13, 2022 12:28 AM "
receipt-training,"THE AIML StORE 1234 SOMEWHERE RD POWAY, CALIFORNIA 92129 02/13/2022 12:28 AM 9838102381029381-238981 Blue Argyle Knit Dog Sweater 1 $23.88 SoundPEATS Bluetooth 1 $42.6 Headphones ZNU CAKE Leaves Set Plunger 1 $11.67 SUBTOTAL $78.15 T = CA TAX 7.7500 on 84.011 $5.861 TOTAL $84.011 x4108 MASTERCARD CHARGE $84.011 AID: A000040682-8799 MASTERCARD DEBIT AUTH CODE: 058799 SOME PROMOTIONS MAY REDUCE THE REFUND VALUE OF ITEMS We need your feedback Take a quick survey and enter for the chance To WIN a $250 Store gift card. Go to: Myfakestore.com/win *5 winners monthly* Cashier: John Doe Store: 123 POS: 003 Transaction:2529 Sunday, February 13, 2022 12:28 AM "
receipt-training,"THE AIML StORE 1234 SOMEWHERE RD POWAY, CALIFORNIA 92129 02/13/2022 12:28 AM 9838102381829381-238981 Acer Switch Alpha 12 2-in-1, 1 $1071.99 Harley Davidson Tattoo Twin 1 $96.92 Comforter Whole House Electronic 1 $191.2 Descaler Water SUBTOTAL $1,360.11 T = CA TAX 7.7500 on $102.008 1,462. 118 TOTAL $1,462.118 x2583 MASTERCARD CHARGE $1,462.118 AID: A00007 1294-1570 MASTERCARD CREDIT AUTH CODE: 051570 SOME PROMOTIONS MAY REDUCE THE REFUND VALUE OF ITEMS We need your feedback Take a quick survey and enter for the chance To WIN a $250 Store gift card. Go to: Myfakestore.com/win *5 winners monthly* Cashier: John Doe Store: 123 POS: 003 Transaction:2529 Sunday, February 13, 2022 12:28 AM "
receipt-training,"THE AIML StORE 1234 SOMEWHERE RD POWAY, CALIFORNIA 92129 02/13/2022 12:28 AM 9838102381829381-236981 Fintle Samsung Galaxy Tab A 1 $24.96 Parrot Zik 2.0 Wireless Noise 1 $231.14 Wireless Bluetooth 1 $74.36 Headphones, Wireless Sports SUBTOTAL $330.46 T = CA TAX 7.7500 on 355.244 $24,784 TOTAL $355.244 x7800 AMEX CHARGE $355.244 AID: A000010569-4283 AMEX CREDIT AUTH CODE: 054283 SOME PROMOTIONS MAY REDUCE THE REFUND VALUE OF ITEMS We need your feedback Take a quick survey and enter for the chance To WIN a $250 Store gift card. Go to: Myfakestore.com/win *5 winners monthly* Cashier: John Doe Store: 123 POS: 003 Transaction:2529 Sunday, February 13, 2022 12:28 AM "
receipt-training,"THE AIML StORE 1234 SOMEWHERE RD POWAY, CALIFORNIA 92129 02/13/2022 12:28 AM 9038182381829381-238981 Gold Label World's fair 1 $207.89 Animated SUBTOTAL $207.89 T = CA TAX 7.7500 on 223.432 $15.592 TOTAL $223.482 x2068 AMEX CHARGE $223.482 AID: A000044928-2083 AMEX CREDIT AUTH CODE: 052083 SOME PROMOTIONS MAY REDUCE THE REFUND VALUE OF ITEMS We need your feedback Take a quick survey and enter for the chance To WIN a $250 Store gift card. Go to: Myfakestore.com/win *5 winners monthly* Cashier: John Doe Store: 123 POS: 003 Transaction:2529 Sunday, February 13, 2022 12:28 AM "
receipt-training,"THE AIML StORE 1234 SOMEWHERE RD POWAY, CALIFORNIA 92129 02/13/2022 12:28 AM 9838182381829381-238981 Cards Against Humanity: First 1 $20 Expansion GIRAFFECAM 3.0 Ultra Rigid 1 $35.44 Android CowboyStudio Photography & 1 $93.1 Video Portrait SUBTOTAL $148.54 T = CA TAX 7.7500 on 159.681 $11.141 TOTAL $159.681 x4407 VISA CHARGE $159.681 AID: A000039416-1105 VISA DEBIT AUTH CODE: 051105 SOME PROMOTIONS MAY REDUCE THE REFUND VALUE OF ITEMS We need your feedback Take a quick survey and enter for the chance To WIN a $250 Store gift card. Go to: Myfakestore.com/win *5 winners monthly* Cashier: John Doe Store: 123 POS: 003 Transaction:2529 Sunday, February 13, 2022 12:28 AM "
receipt-training,"THE AIML StORE 1234 SOMEWHERE RD POWAY, CALIFORNIA 92129 02/13/2022 12:28 AM 9038102381029381-230981 4-piece Set: Bath Accessories 1 $31.38 Milk-Bone MaroSnacks Dog 1 $19.54 Treats for Wheeler Hammer and Punch Set 1 $45.73 SUBTOTAL $96.65 T = CA TAX 7.7500 on 103.899 $7.249 TOTAL $103.899 x7955 VISA CHARGE $103.899 AID: A000020303-2289 VISA DEBIT AUTH CODE: 052289 SOME PROMOTIONS MAY REDUCE THE REFUND VALUE OF ITEMS We need your feedback Take a quick survey and enter for the chance To WIN a $250 Store gift card. Go to: Myfakestore.com/win *5 winners monthly* Cashier: John Doe Store: 123 POS: 003 Transaction:2529 Sunday, February 13, 2022 12:28 AM "
receipt-training,"THE AIML StORE 1234 SOMEWHERE RD POWAY, CALIFORNIA 92129 02/13/2022 12:28 AM 9838182381029381-230981 Proform 14.0 CE Elliptical 1 $1194.63 ROL62560 - Rolodex Nestable 1 $29.36 Rolled SUBTOTAL $1,223.99 T = CA TAX 7.7500 on $91.799 1,315,789 TOTAL $1,315,789 x9851 AMEX CHARGE $1,315.789 AID: A000072171-0412 AMEX DEBIT AUTH CODE: 050412 SOME PROMOTIONS MAY REDUCE THE REFUND VALUE OF ITEMS We need your feedback Take a quick survey and enter for the chance To WIN a $250 Store gift card. Go to: My.fakestore.com/win *5 winners monthly* Cashier: John Doe Store: 123 POS: 003 Transaction:2529 Sunday, February 13, 2022 12:28 AM "
receipt-training,"THE AIML StORE 1234 SOMEWHERE RD POWAY, CALIFORNIA 92129 02/13/2022 12:28 AM 9038182381829381-238981 Gmc Sierra Yukon XI 99 1 $35.14 SUPER GLUE 19061 Porcelain 1 $25.45 Repair Camp Chef PG24S Pellet Grill 1 $659.99 SUBTOTAL $720.58 T = CA TAX 7. .7500 on 774.624 $54.044 TOTAL $774.624 x2870 AMEX CHARGE $774.624 AID: A000044038-2869 AMEX CREDIT AUTH CODE: 052869 SOME PROMOTIONS MAY REDUCE THE REFUND VALUE OF ITEMS We need your feedback Take a quick survey and enter for the chance To WIN a $250 Store gift card. Go to: Myfakestore.com/win *5 winners monthly* Cashier: John Doe Store: 123 POS: 003 Transaction:2529 Sunday, February 13, 2022 12:28 AM "
receipt-training,"THE AIML StORE 1234 SOMEWHERE RD POWAY, CALIFORNIA 92129 02/13/2022 12:28 AM 9838182381029381-230981 Apple Watch Band UMTELE 1 $27.21 Rugged Cocoon CPG4BK Grid-It 1 $25.19 Organizer, SUBTOTAL $52.40 T = CA TAX 7.7500 on 56.33 $3.93 TOTAL $56.33 x9546 AMEX CHARGE $56.33 AID: A000086221-5010 AMEX CREDIT AUTH CODE: 055010 SOME PROMOTIONS MAY REDUCE THE REFUND VALUE OF ITEMS We need your feedback Take a quick survey and enter for the chance To WIN a $250 Store gift card. Go to: Myfakestore.com/win *5 winners monthly* Cashier: John Doe Store: 123 POS: 003 Transaction:2529 Sunday, February 13, 2022 12:28 AM "
receipt-training,"THE AIML StORE 1234 SOMEWHERE RD POWAY, CALIFORNIA 92129 02/13/2022 12:28 AM 9838102381029381-230981 SteelSeries Stratus XL, 1 $74.16 Bluetooth Wireless Everlast 'Heart Rate Moni tor 1 $34.67 Automatic Hongso PPZ681 (4-pack) 1 $31.78 Porcelain Steel SUBTOTAL $140.61 T = CA TAX 7.7500 on 151. 156 $10.546 TOTAL $151.156 x9259 DINER CHARGE $151.156 AID: A000032297-0184 DINER CREDIT AUTH CODE: 050184 SOME PROMOTIONS MAY REDUCE THE REFUND VALUE OF ITEMS We need your feedback Take a quick survey and enter for the chance To WIN a $250 Store gift card. Go to: Myfakestore.com/win *5 winners monthly* Cashier: John Doe Store: 123 POS: 003 Transaction:2529 Sunday, February 13, 2022 12:28 AM "
receipt-training,"THE AIML StORE 1234 SOMEWHERE RD POWAY, CALIFORNIA 92129 02/13/2022 12:28 AM 9038102381829381-238981 SteelSeries Stratus XL. 1 $74.16 Bluetooth Wireless New Version V3 Ash Gym 1 $24.26 SUBTOTAL $98.42 T = CA TAX 7.7500 on 105.802 $7.382 TOTAL $105.802 x9090 DINER CHARGE $105.802 AID: A000018020-4011 DINER DEBIT AUTH CODE: 054011 SOME PROMOTIONS MAY REDUCE THE REFUND VALUE OF ITEMS We need your feedback Take a quick survey and enter for the chance To WIN a $250 Store gift card. Go to: Myfakestore.com/win *5 winners monthly* Cashier: John Doe Store: 123 POS: 003 Transact ion :2529 Sunday, February 13, 2022 12:28 AM "
receipt-training,"THE AIML StORE 1234 SOMEWHERE RD POWAY, CALIFORNIA 92129 02/13/2022 12:28 AM 9838102381029381-238981 Grandma LucyXs Freeze-Dried 1 $90.65 Grain-Free Pet Stabilo Woody 3-in-1 Colored 1 $19.31 Pencils, Chicozy Life Cotton Linen 1 $23.94 Square SUBTOTAL $133.90 T = CA TAX 7.7500 on 143.943 $10.043 TOTAL $143.943 x9541 VISA CHARGE $143.943 AID: A000056587-1602 VISA CREDIT AUTH CODE: 051602 SOME PROMOTIONS MAY REDUCE THE REFUND VALUE OF ITEMS We need your feedback Take a quick survey and enter for the chance To WIN a $250 Store gift card. Go to: Myfakestore.com/win *5 winners monthly* Cashier: John Doe Store: 123 POS: 003 Transaction:2529 Sunday, February 13, 2022 12:28 AM "
receipt-training,"THE AIML StORE 1234 SOMEWHERE RD POWAY, CALIFORNIA 92129 02/13/2022 12:28 AM 9838102381029381-238981 Huawei Fit Smart Fitness 1 $145.64 Watch Samsung UN65KS8000 65-Inch 4K 1 $1978.9 Ultra SUBTOTAL $2,124.54 T = CA TAX 7.7500 on 2,283.88 $159.341 TOTAL $2,283.88 x9308 VISA CHARGE $2,283.88 AID: A000000244-7562 VISA CREDIT AUTH CODE: 057562 SOME PROMOTIONS MAY REDUCE THE REFUND VALUE OF ITEMS We need your feedback Take a quick survey and enter for the chance To WIN a $250 Store gift card. Go to: Myfakestore.com/win *5 winners monthly* Cashier: John Doe Store: 123 POS: 003 Transaction :2529 Sunday, February 13, 2022 12:28 AM "
receipt-training,"THE AIML StORE 1234 SOMEWHERE RD POWAY, CALIFORNIA 92129 02/13/2022 12:28 AM 9038182381029381-238981 Belkin Screenforce Tempered 1 $35.99 Glass Screen Hogwarts Wooden Steamer Trunk 1 $114.47 - SUBTOTAL $150.46 T = CA TAX 7.7500 on 161.745 $11.285 TOTAL $161.745 x992 VISA CHARGE $161.745 AID: A000040730-7162 VISA DEBIT AUTH CODE: 057162 SOME PROMOTIONS MAY REDUCE THE REFUND VALUE OF ITEMS We need your feedback Take a quick survey and enter for the chance To WIN a $250 Store gift card. Go to: Myfakestore.com/win *5 winners monthly* Cashier: John Doe Store: 123 POS: 003 Transaction :2529 Sunday, February 13, 2022 12:28 AM "
invoice-dataset,"Invoice #: 96835747-6 INVOICE Created: Dec 09, 2020 Due: Dec 24, 2020 Customer Details: Business Name: Jay Kautzer, Herman, Bogisich and Weimann 28285 Maggie Club, 161 Raynor Overpass Texas, East Tamfort jay.kautzer@email.com WI 18913 Payment Method Check # Alipay ending XX- 1276 Item Price Future Diary: Playing Cards $18.34 Headphones, Sound Intone 165 Headphones $35.39 with Microphone and Volume Control for Travel, Work, Sport , Foldable Headset for Iphone and Android Devices(White/gold) Simple Deluxe Clamp Lamp Light UL Listed with $19.08 8.5 Inch Aluminum Reflector 150 Watt 6 Foot Power Cord Cadbury Roses Tub 660g net $55.08 Fujifilm Instax Mini Instant Film 10 Sheets, STAR $19.16 WARS Limited ver Total: $147.05 "
invoice-dataset,"INVOICE Invoice #: 24315125-2 Created: Jul 30, 2019 Due: Aug 14, 2019 Customer Details: Business Name: Jason Rempel, Breitenberg, Mills and Rippin 481 Runolfsson Estate, 5305 Ellis Inlet Rhode Island, Hudsonstad jason.rempel@email.com NM 83135 Payment Method Check # WeChat Pay ending xx-0842 Item Price Harley Davidson Tattoo Twin Comforter $96.92 Shopkins 2016 Wall Calendar by Trends $15.8 International Colored Recycled Mirror Glass Pebbles $18.88 (GC9210) Black, 3 lbs ZVOX AccuVoice AV200 Sound Bar TV Speaker $263.31 With Hearing Aid Technology - 30-Day Home Trial NFL New Orleans Saints Silicone Rubber Wrist $17.9 Band Bracelet (Set of 4), One Size, Multicolor Total: $412.81 "
invoice-dataset,"Invoice #: 14513247-9 INVOICE Created: Aug 29, 2018 Due: Sep 13, 2018 Customer Details: Business Name: Weber Inc Pia Turner, 5389 Kristian Garden, Apt. 619 9266 Purdy Radial East Euna Connecticut, pia.turner@email.com SD 82036-1253 Check # Payment Method Debit card ending xx-5158 Price Item The Chork Chopsticks and Fork in One, Black (6 $25.17 Pack) Bodum Milk Frother, Latteo Milk Frother with $36.69 Glass Handle, Clear, 8 Ounce Yellow Beeswax Bees Wax Organic Pastilles $12.29 Beads Premium Prime Grade A 100% Pure 2 OZ ALPS Mountaineering Lynx 1-Person Tent $140.5 Total: $214.65 "
invoice-dataset,"INVOICE Invoice #: 27151918-4 Created: Jul 17, 2020 Due: Aug 01, 2020 Customer Details: Business Name: Dion Ryan, Hand, Schowalter and Greenfelder 3073 Gleason Loaf, Suite 546 12377 Riva Streets Connecticut, Valentineside dion.ryan@email.com NM 48588 Payment Method Check # Debit card ending xx-5464 Item Price Vortex Optics Precision Matched Rings 30mm - $161.02 Height 0.97 inches - Picatinny Mount Total: $161.02 "
invoice-dataset,"Invoice #: 62039380-0 INVOICE Created: Mar 02, 2018 Due: Mar 17, 2018 Customer Details: Business Name: Ghislaine Senger, Pouros Group 82798 Jenni Overpass, 886 Winfred Crest Montana, Cindaville ghislaine.senger@email.com FL 57171-1358 Payment Method Check # Credit card ending xx-2389 Item Price J7 Case, LK [Air Hybrid] Ultra Slim Shockproof $20.88 [Crystal Clear] Back Protective Case + TPU Bumper Cover for Samsung Galaxy J7 (Clear) XISE Sexy Fox Tail Vibrating Butt Plug Anal $25.01 Vibrator Sex Toys Novelty Toy Adult Sex Products For Women BÖHM Wireless Bluetooth Over Ear Cushioned $130.2 Headphones with Active Noise Cancelling - B76 InstaMagic Hair Straightener Brush with LED $93.47 Display Portable Electric Hair Straightening Brush - Great For Travel - Get Instant Results - Straightens All Hair Types - Great Gift! iPhone 5S Case, iPhone 5 Case, COOLQO® Full $21.35 Body Coverage Ultra-thin Hard Hybrid Plastic with [Slim Tempered Glass Screen Protector] Protective Case Cover & Skin for Apple iPhone 5S/5 (Rose Gold) Total: $290.91 "
invoice-dataset,"INVOICE Invoice #: 52038819-2 Created: Feb 06, 2021 Due: Feb 21, 2021 Customer Details: Business Name: Joannie DuBuque, Daugherty Inc 85093 Schroeder Shores, Suite 678 829 Herman Estates New Hampshire, Martybury joannie.dubuque@email.com SC 74072 Payment Method Check # Cash ending xx-0029 Item Price Tronsmart USB C to Micro USB Adapter for $16.51 Samsung Galaxy S8 S8+, Google Pixel / Pixel XL, Nexus 5X / 6P, LG G6, MacBook, ChromeBook Pixel (2 in 1 Pack,OTG Compatibility) Proraso Shaving Cream, Refreshing and Toning, $22.37 5.2 OZ LEGO Series 4 Collectible Minifigure Japanese $23.45 Kimono Girl Total: $62.33 "
invoice-dataset,"Invoice #: 19182552-7 INVOICE Created: Jan 15, 2018 Due: Jan 30, 2018 Business Name: Customer Details: Karina Harber, Herzog, Willms and Kub 1185 Collins Stravenue, Suite 447 773 Roni Vista Breitenbergville lowa, karina.harber@email.com NM 91580-5770 Check # Payment Method ending xx-1389 Alipay Price Item $60.2 WeMo Switch Smart Plug Princessa Aloe Lipsticks Set - 12 - Fashionable $14.71 Colors/ Long Lasting Samson SR850 Semi-Open-Back Studio $60.15 Reference Headphones Lychee Solar Christmas String Solar Fairy String $36.07 Lights for Outdoor Room Garden Home Christmas Party Decoration Waterproof (White, 32m 300Leds) Total: $171.13 "
invoice-dataset,"INVOICE Invoice #: 19311213-7 Created: Apr 25, 2020 Due: May 10, 2020 Customer Details: Business Name: Wyatt Schoen, Walker-Brekke 709 Kathy Glens, Suite 307 59380 Lonnie Drives Arkansas, Lake Gayleneport wyatt.schoen@email.com AZ 44745-9321 Payment Method Check # Alipay ending xx-5382 Item Price DrinkMatcha - Matcha Green Tea Powder - $33.99 USDA Organic - 100% Pure Matcha Green tea Powder - Nothing added (16 Ounce) Spigen Neo Hybrid HTC 10 Case with Flexible $31.22 Inner Protection and Reinforced Hard Bumper Frame for HTC 10 2016 - Champagne Gold Tea Tree Oil Foot Soak With Epsom Salt, $23.84 Antifungal Foot Soak Helps Away Toenail Fungus, Athletes Foot & Stubborn Foot Odor - Softens Calluses & Soothes Sore Tired Feet, 14 Ounce Total: $89.05 "
invoice-dataset,"Invoice #: 25570951-8 INVOICE Created: Jun 21, 2018 Due: Jul 06, 2018 Customer Details: Business Name: Lavon Leuschke, Jakubowski and Sons 3000 Fadel Forest, Suite 148 33078 Tony Isle Alabama, South Brittanyshire lavon.leuschke@email.com WV 62941 Payment Method Check # Visa checkout ending xx-5073 Item Price iPad Mini 2 Case, iPad Mini 3 Case, ROARTZ $33.54 Metallic Gold Slim Fit Smart Folio Case Rubber Coated Hard Shell Cover Light-Weight Auto Wake/Sleep Feature for Apple iPad Mini 1/2/3 Retina Display Honeywell HT-900 TurboForce Air Circulator $38.51 Fan, Black Espresso Machine - For Nespresso Compatible $105.19 Capsules - By Mixpresso (White) Total: $177.24 "
invoice-dataset,"INVOICE Invoice #: 82477191-k Created: Jun 20, 2018 Due: Jul 05, 2018 Customer Details: Business Name: Lucas Kozey, Collins-Pollich 96771 Leopoldo Ridge, 85899 Hermila Shoal Alaska, Port Ivette lucas.kozey@email.com RI 32256 Payment Method Check # Cheque ending xx-6309 Item Price EasyAcc Mini Portable Bluetooth 4.1 Speaker $30.44 with Mic, 3.5mm Aux, FM Function, Micro SD Card Support - Red iPhone 7/8 Case, HZ BIGTREE Ultra-Thin Slim $17.48 Fit Anti-Scratch Soft Touch Flexible TPU Case for Apple iPhone 7 4.7' [matte black] NatureWise Maximum Care Time-Release $47.09 Probiotics for Men and Women: Comparable to 450 Billion CFU Probiotic Supplement, High Potency, 30 Strains, 40 Caplets Withings Smart Kid Scale, Wireless $162.04 Total: $257.05 "
invoice-dataset,"INVOICE Invoice #: 24203416-3 Created: Apr 20, 2018 Due: May 05, 2018 Customer Details: Business Name: Jacquie Fisher, O'Hara, O'Kon and Schulist 2304 Harvey Turnpike, Apt. 938 838 Erasmo Oval Massachusetts, New Carlibury jacquie.fisher@email.com WA 10441 Payment Method Check # WeChat Pay ending xx-2581 Item Price ZNU CAKE Leaves Set Plunger and Cutter $11.67 SmartMouth Original Activated Mouthwash for $27.75 24 Hour Fresh Breath, Dual-Solution Oral Rinse, 16 ounce, 1 Pack Vinyl Quilted White Fabric w/ 3/8"" Foam Backing $32.37 Upholstery By the Yard Total: $71.79 "
invoice-dataset,"Invoice #: 15733370-4 INVOICE Created: May 05, 2020 Due: May 20, 2020 Customer Details: Business Name: Jutta Bernier, Goldner, Runte and Sanford 322 Jacobs Extension, 558 Milford Spring Hawaii, South Hope jutta.bernier@email.com NV 65895 Payment Method Check # Bitcoins ending xx-4276 Item Price Soriken Universal 3-IN-1 Clip-On Lens Kit For $29.48 Mobile Phone/Notebook PC/IPAD - Macro, Wide Angle and 180 Degree Supreme Fisheye Lens 75 Cake Topper for 75th Birthday or Anniversary $36.34 Gold Number Party Supplies Decorations (Gold) Total: $65.82 "
invoice-dataset,"INVOICE Invoice #: 49973360-7 Created: Jun 08, 2021 Due: Jun 23, 2021 Customer Details: Business Name: Arletha Pollich, Fay-Kutch 16144 Jamaal Isle, 29723 Bayer Heights Florida, West Leonfürt arletha.pollich@email.com MI 46375 Payment Method Check # Cheque ending xx-4205 Item Price VR Headset Glasses Virtual Reality Mobile $29.69 Phone 3D Movies for iPhone 6s/6 plus/6/5s/5c/5 Samsung Galaxy s5/s6/note4/note5 and Other 4.7""-6.0"" Cellphones WD SE 6TB Datacenter Hard Disk Drive - 7200 $334.39 RPM SATA 6 Gb/s 128MB Cache 3.5 Inch - WD6001F9YZ Total: $364.08 "
invoice-dataset,"Invoice #: 32674511-1 INVOICE Created: Oct 26, 2018 Due: Nov 10, 2018 Business Name: Customer Details: Willard Von, Wiegand-Harris Suite 128 9561 Jamel Hill 219 Luis Isle, Weberchester Georgia, ID 49755-2892 willard.von@email.com Check # Payment Method Debit card ending xx-5072 Price Item DEWALT DCS387B 20-volt MAX Compact $125.04 Reciprocating Saw (tool only). $34.46 RTIC 30 OZ. Tumbler EVGA 430 W1, 80+ WHITE 430W, 3 Year $60.34 Warranty, Power Supply 100-W1-0430-KR, Black Wireless Sport Bluetooth Headphones - Hd $55.72 Beats Sound Quality - Sweat Proof Stable Fit In Ear Workout Earbuds - Ergonomic Running Earphones - Noise Cancelling Microphone w/ Travel Case - by Bluephonic Total: $275.56 "
invoice-dataset,"INVOICE Invoice #: 70387625-0 Created: Apr 12, 2018 Due: Apr 27, 2018 Customer Details: Business Name: Theodore Block, Runte Group 59081 Wilmer Road, 27736 Adolfo Gateway Colorado, Lemkemouth theodore.block@email.com MA 33542 Payment Method Check # Credit card ending xx-9934 Item Price Huawei Fit Smart Fitness Watch Heart Rate and $145.64 Sleep Monitor Waterproof Activity Tracker, Blue Sport Band, Large (US Warranty) Total: $145.64 "
invoice-dataset,"Invoice #: 81401851-2 INVOICE Created: Sep 19, 2020 Due: Oct 04, 2020 Customer Details: Business Name: Mike Rohan, Auer, Brekke and Daniel 229 Bergnaum Parks, Suite 901 42718 Wolff Glens Kentucky, New Victorfurt mike.rohan@email.com IN 32707-1819 Payment Method Check # Alipay ending xx-0865 Item Price Winsome Wood End Table/Night Stand with $76.48 Drawer and Shelf, White Decorative Metal Wall Sconce - Pillar Candle $54.16 Holders - Elegant and Modern - Contemporary Design Wall Mount Easy to Hang - Set of 2 - Crafted by Danya B. Blue Evil Eye Protection Hanging Decoration $26.79 (With a Betterdecor Pouch)-009sf NETGEAR Smart WiFi Router with Dual Band $138.71 Gigabit for Amazon Echo/Alexa - AC1750 (R6400-100NAS) Total: $296.14 "
invoice-dataset,"INVOICE Invoice #: 66522185-7 Created: Jul 09, 2019 Due: Jul 24, 2019 Customer Details: Business Name: Chelsey Schuster, Kuhic Group 3477 Danial Port, Suite 727 766 Thiel Spurs lowa, Kimiburgh chelsey.schuster@email.com WV 22461-3609 Payment Method Check # Cheque ending xx-5221 Item Price Blue Argyle Knit Dog Sweater Medium M Size $23.88 Back Length 13 Inch SoundPEATS Bluetooth Headphones $42.6 ZNU CAKE Leaves Set Plunger and Cutter $11.67 Total: $78.15 "
invoice-dataset,"Invoice #: 72200901-0 INVOICE Created: Nov 14, 2018 Due: Nov 29, 2018 Business Name: Customer Details: Orn Inc Sol Harris, 931 Mitsuko Coves, Apt. 371 84675 Damon Fork Lake Deena North Carolina, AK 48389-6254 sol.harris@email.com Check # Payment Method ending xx-7502 Apple Pay Price Item Acer Switch Alpha 12 2-in-1, 12"" QHD Touch, $1071.99 Intel Core i7, 8GB Memory, 512GB SSD, Windows 10 Home, SA5-271-71NX $96.92 Harley Davidson Tattoo Twin Comforter $191.2 Whole House Electronic Descaler Water Conditioner, Alternative Water Softener iPhone 6 Case, Anuck iPhone 6 Wallet case [Anti $14.99 Scratch][Heavy Duty][Card Pocket] Dual Layer Hybrid Rubber Bumper Protective Card Case Cover for Apple iPhone 6 4.7 inch & iPhone 6s 4.7"" - Rose Gold iPhone 8 Plus Case,iPhone 7 Plus Case, Vabogu $16.25 Crystal Clear Case TPU cover with Anti-Scratch Aggreko Corner Protection Bumper Case for Apple iPhone 7 Plus 2016 / iPhone 8 Plus 2017 Release (Clear) Total: $1391.35 "
invoice-dataset,"INVOICE Invoice #: 16430087-0 Created: Mar 10, 2018 Due: Mar 25, 2018 Customer Details: Business Name: Margene Turcotte, Rowe, Hegmann and Dickens 56429 Yukiko Village, 40237 Renetta Park Michigan, Raynorland margene.turcotte@email.com LA 90034 Payment Method Check # Google Pay ending xx-4588 Item Price Fintie Samsung Galaxy Tab A 10.1 with S Pen $24.96 Case - Ultra Lightweight Protective Slim Shell Stand Cover with Auto Sleep / Wake for Galaxy Tab A with S Pen 10.1 inch (SM-P580/ SM- P585), Starry Night Parrot Zik 2.0 Wireless Noise Cancelling $231.14 Headphones (Black) Wireless Bluetooth Headphones, Wireless $74.36 Sports Earphones Sweatproof Portable Stereo Mini Lightweight Earbuds with Mic & Noise Canceling Headphones for iPhone Samsung and other Bluetooth devices NZXT Phantom 410 Mid Tower Computer Case , $147.32 Black (CA-PH410-B1) Nuun All Day: Hydrating Vitamin & Electrolyte $41.07 Tablets, Multi Pack, Box of 4 Tubes Total: $518.85 "
invoice-dataset,"Invoice #: 74022898-6 INVOICE Created: Nov 13, 2021 Due: Nov 28, 2021 Business Name: Customer Details: Mikel Gaylord, Armstrong and Sons 882 Guillermina Haven, 71509 Karol Forges Jinnyside Wisconsin, PA 59385 mikel.gaylord@email.com Check # Payment Method Credit card ending xx-5828 Price Item Gold Label World's fair Animated Musical Grand $207.89 Ferris Wheel Total: $207.89 "
invoice-dataset,"Invoice #: 10368678-4 INVOICE Created: Nov 13, 2020 Due: Nov 28, 2020 Customer Details: Business Name: Lavern Mosciski, Volkman Group 60756 Tiesha Highway, Suite 301 9942 Onie Passage Massachusetts, West Dion lavern.mosciski@email.com KY 30657 Payment Method Check # Debit card ending XX- 1856 Item Price Cards Against Humanity: First Expansion $20 GIRAFFECAM 3.0 Ultra Rigid Android Wired $35.44 Endoscope Snake Inspection Camera - 5X Stiffer, Stronger, Bend Holding Power [Solid Metal Core] CowboyStudio Photography & Video Portrait $93.1 Umbrella Continuous Triple Lighting Kit Active Stylus, 1.9mm Rotating Fine Tip Pen for $61.31 iPad,iPhone,Samsung,Kindle,IOS/Android/Windows Phones & Tablets (Grey) 3DR Solo Quadcopter (No Gimbal) $311.48 Total: $521.33 "
invoice-dataset,"INVOICE Invoice #: 89031604-2 Created: Apr 26, 2018 Due: May 11, 2018 Customer Details: Business Name: Ron Medhurst, O'Hara Inc 341 Lanny Pike, 3828 Ortiz Mill Pennsylvania, Port Caron ron.medhurst@email.com AK 66044-9960 Payment Method Check # Money transfer ending xx-6455 Item Price 4-piece Set: Bath Accessories - Assorted Colors $31.38 Milk-Bone MaroSnacks Dog Treats for All Sizes $19.54 Dogs, 40-Ounce Wheeler Hammer and Punch Set In Plastic Case $45.73 Total: $96.65 "
invoice-dataset,"Invoice #: 76335807-0 INVOICE Created: Jan 20, 2020 Due: Feb 04, 2020 Customer Details: Business Name: Mitsue Hammes, Jaskolski Inc 25007 Ka Walks, 91349 Sandy Springs Louisiana, Edwinmouth mitsue.hammes@email.com FL 90951 Payment Method Check # Cheque ending xx-3868 Item Price Proform 14.0 CE Elliptical $1194.63 ROL62560 - Rolodex Nestable Rolled Mesh $29.36 Steel Jumbo Magazine File Total: $1223.99 "
invoice-dataset,"INVOICE Invoice #: 53940008-8 Created: Sep 08, 2020 Due: Sep 23, 2020 Customer Details: Business Name: Candice Langworth, Waelchi and Sons 313 Bernhard Freeway, 615 McDermott Camp Tennessee, Damianview candice.langworth@email.com NC 17396-8331 Payment Method Check # Credit card ending xx-2354 Item Price Gmc Sierra Yukon XI 99 00 01 02 03 04 05 06 $35.14 Fog Light SUPER GLUE 19061 Porcelain Repair $25.45 Camp Chef PG24S Pellet Grill and Smoker $659.99 Deluxe Belkin Screenforce Tempered Glass Screen $35.99 Protection for iPhone 6/6s Band-Aid First Aid Pads, Adhesive Bandages, $10.76 Large Adhesive Pads, 10 Count Total: $767.33 "
invoice-dataset,"Invoice #: 29584719-0 INVOICE Created: Jul 02, 2019 Due: Jul 17, 2019 Customer Details: Business Name: Kalyn Hartmann, Jones-Legros 6006 Gutkowski Lights, Suite 655 18335 Hegmann Port lowa, North Hung kalyn.hartmann@email.com TX 81286 Payment Method Check # Cash ending xx-3243 Item Price Apple Watch Band UMTELE Rugged Protective $27.21 Case with Bands for Apple Watch Series 3/2/1 42mm Black Cocoon CPG4BK Grid-It Organizer, Black $25.19 Total: $52.40 "
invoice-dataset,"INVOICE Invoice #: 61309087-8 Created: Apr 25, 2019 Due: May 10, 2019 Customer Details: Business Name: Jacqui Ruecker, D'Amore, Pfeffer and Huel 3703 Augustus Ford, Apt. 955 496 Cira Locks Alabama, Loweside jacqui.ruecker@email.com ID 08360 Payment Method Check # Cash ending xx-6205 Item Price SteelSeries Stratus XL, Bluetooth Wireless $74.16 Gaming Controller for Windows + Android, Samsung Gear VR, HTC Vive, and Oculus Everlast 'Heart Rate Monitor' Automatic Plastic $34.67 and Rubber Fitness Watch, Color:Blue (Model: EVWHR005NB) Hongso PPZ681 (4-pack) Porcelain Steel Heat $31.78 Plates, Heat Shield, Heat Tent, Burner Cover, and Flavorizer Bar for Charbroil, Kenmore Sears, K-Mart, Nexgrill, Tera Gear Model Grills (15"" X 4 5/8"") Monoprice PS/2 Keyboard/Mouse to USB $23.89 Converter Adapter, Black (110934) AmazonBasics 6-Outlet Surge Protector Power $21.09 Strip, 790 Joule - White Total: $185.59 "
invoice-dataset,"Invoice #: 77169086-6 INVOICE Created: Nov 17, 2021 Due: Dec 02, 2021 Business Name: Customer Details: Quitzon-Satterfield Dana Conroy, 4318 Bergnaum Rest, 3411 Tamatha Lights Aliceland Colorado, LA 56327-6021 dana.conroy@email.com Check # Payment Method ending xx-1121 Cheque Price Item SteelSeries Stratus XL, Bluetooth Wireless $74.16 Gaming Controller for Windows + Android, Samsung Gear VR, HTC Vive, and Oculus New Version V3 Ash Gym Badges Hoenn Gen 6 $24.26 Badges Collection box Set of 8pcs 2017 Total: $98.42 "
invoice-dataset,"INVOICE Invoice #: 33982623-4 Created: Nov 08, 2020 Due: Nov 23, 2020 Customer Details: Business Name: Milo Feest, Reilly LLC 5417 Yost Island, Suite 460 76330 Un Roads Utah, North Velvafurt milo.feest@email.com VA 58409 Payment Method Check # Paypal ending xx-0643 Item Price Grandma Lucy S Freeze-Dried Grain-Free Pet $90.65 Food: Pureformance Pre-Mix 8lbs Stabilo Woody 3-in-1 Colored Pencils, 10 mm $19.31 lead - White Chicozy Life Cotton Linen Square Cute Star $23.94 Wars Characters Decorative Pillow Cover Cushon Cover for sofa Pillow Cushion Gift Outdoor Pillowcase 17.7inch Molla Púro Cordless Glass Electric Water Kettle, $85.1 Ultra Premium SCHOTT Glass Total: $219.00 "
invoice-dataset,"Invoice #: 10562992-3 INVOICE Created: Oct 01, 2021 Due: Oct 16, 2021 Customer Details: Business Name: Jody Funk, Dickinson, Bayer and Ratke 212 Howell River, Suite 968 30534 Turcotte Expressway Maryland, West Vito jody.funk@email.com WV 57708 Payment Method Check # Cheque ending xx-4721 Item Price Huawei Fit Smart Fitness Watch Heart Rate and $145.64 Sleep Monitor Waterproof Activity Tracker, Blue Sport Band, Large (US Warranty) Samsung UN65KS8000 65-Inch 4K Ultra HD $1978.9 Smart LED TV (2016 Model) Total: $2124.54 "
invoice-dataset,"INVOICE Invoice #: 98082211-7 Created: Aug 05, 2019 Due: Aug 20, 2019 Customer Details: Business Name: Loura Effertz, Tillman-Gutmann 346 Garfield Field, 703 Damon Course Vermont, East Floton loura.effertz@email.com MD 19675-4303 Payment Method Check # Cash ending xx-0361 Item Price Belkin Screenforce Tempered Glass Screen $35.99 Protection for iPhone 6/6s Hogwarts Wooden Steamer Trunk - Patronus $114.47 Edition Total: $150.46 "
